{
  "Delete" : {
    "transaction" : "Delete",
    "sampleCount" : 100,
    "errorCount" : 0,
    "errorPct" : 0.0,
    "meanResTime" : 264.9200000000001,
    "medianResTime" : 271.0,
    "minResTime" : 244.0,
    "maxResTime" : 281.0,
    "pct1ResTime" : 279.0,
    "pct2ResTime" : 279.95,
    "pct3ResTime" : 281.0,
    "throughput" : 97.08737864077669,
    "receivedKBytesPerSec" : 23.60816140776699,
    "sentKBytesPerSec" : 18.677942961165048
  },
  "Get_By_Id" : {
    "transaction" : "Get_By_Id",
    "sampleCount" : 100,
    "errorCount" : 0,
    "errorPct" : 0.0,
    "meanResTime" : 275.23999999999995,
    "medianResTime" : 276.0,
    "minResTime" : 267.0,
    "maxResTime" : 281.0,
    "pct1ResTime" : 280.0,
    "pct2ResTime" : 280.0,
    "pct3ResTime" : 281.0,
    "throughput" : 91.82736455463727,
    "receivedKBytesPerSec" : 23.046516299357208,
    "sentKBytesPerSec" : 17.21763085399449
  },
  "Put_By_Id" : {
    "transaction" : "Put_By_Id",
    "sampleCount" : 100,
    "errorCount" : 0,
    "errorPct" : 0.0,
    "meanResTime" : 269.54999999999995,
    "medianResTime" : 270.0,
    "minResTime" : 248.0,
    "maxResTime" : 280.0,
    "pct1ResTime" : 276.9,
    "pct2ResTime" : 278.95,
    "pct3ResTime" : 280.0,
    "throughput" : 94.5179584120983,
    "receivedKBytesPerSec" : 23.72179229678639,
    "sentKBytesPerSec" : 22.152646502835537
  },
  "Total" : {
    "transaction" : "Total",
    "sampleCount" : 500,
    "errorCount" : 0,
    "errorPct" : 0.0,
    "meanResTime" : 288.5219999999999,
    "medianResTime" : 277.0,
    "minResTime" : 244.0,
    "maxResTime" : 510.0,
    "pct1ResTime" : 337.0,
    "pct2ResTime" : 389.84999999999997,
    "pct3ResTime" : 463.9200000000001,
    "throughput" : 225.93764121102575,
    "receivedKBytesPerSec" : 103.15068275530953,
    "sentKBytesPerSec" : 43.77541798463624
  },
  "Post_Create" : {
    "transaction" : "Post_Create",
    "sampleCount" : 100,
    "errorCount" : 0,
    "errorPct" : 0.0,
    "meanResTime" : 281.3299999999999,
    "medianResTime" : 280.0,
    "minResTime" : 268.0,
    "maxResTime" : 295.0,
    "pct1ResTime" : 291.0,
    "pct2ResTime" : 292.0,
    "pct3ResTime" : 294.99,
    "throughput" : 90.74410163339383,
    "receivedKBytesPerSec" : 20.825062386569872,
    "sentKBytesPerSec" : 21.002296960072595
  },
  "GET_All" : {
    "transaction" : "GET_All",
    "sampleCount" : 100,
    "errorCount" : 0,
    "errorPct" : 0.0,
    "meanResTime" : 351.5699999999999,
    "medianResTime" : 337.0,
    "minResTime" : 282.0,
    "maxResTime" : 510.0,
    "pct1ResTime" : 442.8,
    "pct2ResTime" : 463.5999999999999,
    "pct3ResTime" : 509.92999999999995,
    "throughput" : 85.17887563884156,
    "receivedKBytesPerSec" : 111.42378487010222,
    "sentKBytesPerSec" : 10.480994463373085
  }
}