{
  "Delete" : {
    "transaction" : "Delete",
    "sampleCount" : 20000,
    "errorCount" : 16559,
    "errorPct" : 82.795,
    "meanResTime" : 219.6359499999993,
    "medianResTime" : 1.0,
    "minResTime" : 0.0,
    "maxResTime" : 12595.0,
    "pct1ResTime" : 561.0,
    "pct2ResTime" : 1352.0,
    "pct3ResTime" : 3408.0,
    "throughput" : 438.21209465381247,
    "receivedKBytesPerSec" : 950.5337714313102,
    "sentKBytesPerSec" : 14.504584965216916
  },
  "Get_By_Id" : {
    "transaction" : "Get_By_Id",
    "sampleCount" : 20000,
    "errorCount" : 16969,
    "errorPct" : 84.845,
    "meanResTime" : 164.15875000000062,
    "medianResTime" : 1.0,
    "minResTime" : 0.0,
    "maxResTime" : 12592.0,
    "pct1ResTime" : 493.90000000000146,
    "pct2ResTime" : 1278.0,
    "pct3ResTime" : 2536.980000000003,
    "throughput" : 441.949882883281,
    "receivedKBytesPerSec" : 980.2397906124321,
    "sentKBytesPerSec" : 12.558282140805233
  },
  "Put_By_Id" : {
    "transaction" : "Put_By_Id",
    "sampleCount" : 20000,
    "errorCount" : 16804,
    "errorPct" : 84.02,
    "meanResTime" : 184.92300000000031,
    "medianResTime" : 1.0,
    "minResTime" : 0.0,
    "maxResTime" : 12924.0,
    "pct1ResTime" : 532.0,
    "pct2ResTime" : 1292.9500000000007,
    "pct3ResTime" : 2858.950000000008,
    "throughput" : 439.47351073414046,
    "receivedKBytesPerSec" : 966.3416508273089,
    "sentKBytesPerSec" : 16.459656331714605
  },
  "Total" : {
    "transaction" : "Total",
    "sampleCount" : 100000,
    "errorCount" : 84360,
    "errorPct" : 84.36,
    "meanResTime" : 256.0594500000019,
    "medianResTime" : 1.0,
    "minResTime" : 0.0,
    "maxResTime" : 15851.0,
    "pct1ResTime" : 1337.0,
    "pct2ResTime" : 1567.800000000003,
    "pct3ResTime" : 8965.980000000003,
    "throughput" : 2153.594348968428,
    "receivedKBytesPerSec" : 4796.603087682248,
    "sentKBytesPerSec" : 65.31618214158806
  },
  "Post_Create" : {
    "transaction" : "Post_Create",
    "sampleCount" : 20000,
    "errorCount" : 17060,
    "errorPct" : 85.3,
    "meanResTime" : 191.44164999999933,
    "medianResTime" : 1.0,
    "minResTime" : 0.0,
    "maxResTime" : 12587.0,
    "pct1ResTime" : 581.9000000000015,
    "pct2ResTime" : 1362.0,
    "pct3ResTime" : 2622.0,
    "throughput" : 442.6149692382597,
    "receivedKBytesPerSec" : 985.4463529909707,
    "sentKBytesPerSec" : 15.058850501261453
  },
  "GET_All" : {
    "transaction" : "GET_All",
    "sampleCount" : 20000,
    "errorCount" : 16968,
    "errorPct" : 84.84,
    "meanResTime" : 520.1378999999997,
    "medianResTime" : 1.0,
    "minResTime" : 0.0,
    "maxResTime" : 15851.0,
    "pct1ResTime" : 941.0,
    "pct2ResTime" : 1756.4000000000087,
    "pct3ResTime" : 15709.990000000002,
    "throughput" : 439.93752887090034,
    "receivedKBytesPerSec" : 1022.3645293149623,
    "sentKBytesPerSec" : 8.206553419414444
  }
}