{
  "Post_create" : {
    "transaction" : "Post_create",
    "sampleCount" : 20000,
    "errorCount" : 17404,
    "errorPct" : 87.02,
    "meanResTime" : 148.65360000000007,
    "medianResTime" : 1.0,
    "minResTime" : 0.0,
    "maxResTime" : 15059.0,
    "pct1ResTime" : 156.0,
    "pct2ResTime" : 781.0,
    "pct3ResTime" : 2226.9900000000016,
    "throughput" : 835.2125615969264,
    "receivedKBytesPerSec" : 1892.2778073582226,
    "sentKBytesPerSec" : 24.03242582268437
  },
  "DELETE_by_ID" : {
    "transaction" : "DELETE_by_ID",
    "sampleCount" : 20000,
    "errorCount" : 17035,
    "errorPct" : 85.175,
    "meanResTime" : 154.76520000000068,
    "medianResTime" : 1.0,
    "minResTime" : 0.0,
    "maxResTime" : 15059.0,
    "pct1ResTime" : 159.0,
    "pct2ResTime" : 1199.9000000000015,
    "pct3ResTime" : 2188.9900000000016,
    "throughput" : 840.6893652795292,
    "receivedKBytesPerSec" : 1870.0974838430013,
    "sentKBytesPerSec" : 23.368537200504413
  },
  "Get_by_ID" : {
    "transaction" : "Get_by_ID",
    "sampleCount" : 20000,
    "errorCount" : 17282,
    "errorPct" : 86.41,
    "meanResTime" : 153.01814999999928,
    "medianResTime" : 1.0,
    "minResTime" : 0.0,
    "maxResTime" : 15060.0,
    "pct1ResTime" : 154.0,
    "pct2ResTime" : 1043.7500000000036,
    "pct3ResTime" : 2248.0,
    "throughput" : 836.6450533361221,
    "receivedKBytesPerSec" : 1883.5818212717004,
    "sentKBytesPerSec" : 14.212507843547375
  },
  "Total" : {
    "transaction" : "Total",
    "sampleCount" : 100000,
    "errorCount" : 86364,
    "errorPct" : 86.364,
    "meanResTime" : 157.69307999999992,
    "medianResTime" : 1.0,
    "minResTime" : 0.0,
    "maxResTime" : 15060.0,
    "pct1ResTime" : 156.0,
    "pct2ResTime" : 1387.9000000000015,
    "pct3ResTime" : 4083.0,
    "throughput" : 4092.6577719571087,
    "receivedKBytesPerSec" : 10042.971507747912,
    "sentKBytesPerSec" : 99.14983028259802
  },
  "PUT_by_ID" : {
    "transaction" : "PUT_by_ID",
    "sampleCount" : 20000,
    "errorCount" : 17122,
    "errorPct" : 85.61,
    "meanResTime" : 178.8810499999999,
    "medianResTime" : 1.0,
    "minResTime" : 0.0,
    "maxResTime" : 14225.0,
    "pct1ResTime" : 171.0,
    "pct2ResTime" : 1290.0,
    "pct3ResTime" : 2294.0,
    "throughput" : 838.679917809368,
    "receivedKBytesPerSec" : 1872.4639760766552,
    "sentKBytesPerSec" : 27.107216054430324
  },
  "Get_All" : {
    "transaction" : "Get_All",
    "sampleCount" : 20000,
    "errorCount" : 17521,
    "errorPct" : 87.605,
    "meanResTime" : 153.1473999999996,
    "medianResTime" : 1.0,
    "minResTime" : 0.0,
    "maxResTime" : 15060.0,
    "pct1ResTime" : 158.90000000000146,
    "pct2ResTime" : 1208.0,
    "pct3ResTime" : 2261.0,
    "throughput" : 819.2020971573687,
    "receivedKBytesPerSec" : 2699.606390992361,
    "sentKBytesPerSec" : 12.494191985131481
  }
}