{
  "Post_create" : {
    "transaction" : "Post_create",
    "sampleCount" : 80000,
    "errorCount" : 71299,
    "errorPct" : 89.12375,
    "meanResTime" : 158.13577500000014,
    "medianResTime" : 1.0,
    "minResTime" : 0.0,
    "maxResTime" : 21968.0,
    "pct1ResTime" : 147.0,
    "pct2ResTime" : 404.9500000000007,
    "pct3ResTime" : 1544.0,
    "throughput" : 974.24343907934,
    "receivedKBytesPerSec" : 2253.6304363545028,
    "sentKBytesPerSec" : 23.640614058789502
  },
  "DELETE_by_ID" : {
    "transaction" : "DELETE_by_ID",
    "sampleCount" : 80000,
    "errorCount" : 70589,
    "errorPct" : 88.23625,
    "meanResTime" : 171.02350000000172,
    "medianResTime" : 1.0,
    "minResTime" : 0.0,
    "maxResTime" : 21976.0,
    "pct1ResTime" : 153.0,
    "pct2ResTime" : 446.90000000000146,
    "pct3ResTime" : 1541.0,
    "throughput" : 978.1625217029809,
    "receivedKBytesPerSec" : 2244.0229159406867,
    "sentKBytesPerSec" : 21.699160002934487
  },
  "Get_by_ID" : {
    "transaction" : "Get_by_ID",
    "sampleCount" : 80000,
    "errorCount" : 71056,
    "errorPct" : 88.82,
    "meanResTime" : 164.10537500000112,
    "medianResTime" : 1.0,
    "minResTime" : 0.0,
    "maxResTime" : 22881.0,
    "pct1ResTime" : 150.0,
    "pct2ResTime" : 430.0,
    "pct3ResTime" : 1533.0,
    "throughput" : 974.5520106226169,
    "receivedKBytesPerSec" : 2247.446321599118,
    "sentKBytesPerSec" : 13.703114911863953
  },
  "Total" : {
    "transaction" : "Total",
    "sampleCount" : 400000,
    "errorCount" : 355277,
    "errorPct" : 88.81925,
    "meanResTime" : 165.43719749999497,
    "medianResTime" : 40.0,
    "minResTime" : 0.0,
    "maxResTime" : 22881.0,
    "pct1ResTime" : 163.0,
    "pct2ResTime" : 397.9500000000007,
    "pct3ResTime" : 2692.9900000000016,
    "throughput" : 4866.77211339579,
    "receivedKBytesPerSec" : 11860.700945883777,
    "sentKBytesPerSec" : 96.92444003604453
  },
  "PUT_by_ID" : {
    "transaction" : "PUT_by_ID",
    "sampleCount" : 80000,
    "errorCount" : 70808,
    "errorPct" : 88.51,
    "meanResTime" : 172.4426875000003,
    "medianResTime" : 1.0,
    "minResTime" : 0.0,
    "maxResTime" : 21975.0,
    "pct1ResTime" : 151.90000000000146,
    "pct2ResTime" : 483.9500000000007,
    "pct3ResTime" : 1535.9900000000016,
    "throughput" : 976.2883955920579,
    "receivedKBytesPerSec" : 2244.4833508505913,
    "sentKBytesPerSec" : 25.335470426088868
  },
  "Get_All" : {
    "transaction" : "Get_All",
    "sampleCount" : 80000,
    "errorCount" : 71525,
    "errorPct" : 89.40625,
    "meanResTime" : 161.47865000000132,
    "medianResTime" : 1.0,
    "minResTime" : 0.0,
    "maxResTime" : 21487.0,
    "pct1ResTime" : 144.0,
    "pct2ResTime" : 398.0,
    "pct3ResTime" : 1546.0,
    "throughput" : 973.4610189703216,
    "receivedKBytesPerSec" : 2894.0286555932944,
    "sentKBytesPerSec" : 12.76869045156423
  }
}