{
  "Delete" : {
    "transaction" : "Delete",
    "sampleCount" : 2000,
    "errorCount" : 1286,
    "errorPct" : 64.3,
    "meanResTime" : 174.00650000000005,
    "medianResTime" : 2.0,
    "minResTime" : 0.0,
    "maxResTime" : 1223.0,
    "pct1ResTime" : 543.0,
    "pct2ResTime" : 732.9499999999998,
    "pct3ResTime" : 1007.0,
    "throughput" : 192.28920296125375,
    "receivedKBytesPerSec" : 334.37026788289586,
    "sentKBytesPerSec" : 13.206550151427747
  },
  "Get_By_Id" : {
    "transaction" : "Get_By_Id",
    "sampleCount" : 2000,
    "errorCount" : 1286,
    "errorPct" : 64.3,
    "meanResTime" : 176.47250000000008,
    "medianResTime" : 1.0,
    "minResTime" : 0.0,
    "maxResTime" : 1223.0,
    "pct1ResTime" : 503.0,
    "pct2ResTime" : 711.0,
    "pct3ResTime" : 1000.0,
    "throughput" : 201.49103364900262,
    "receivedKBytesPerSec" : 350.93323405702193,
    "sentKBytesPerSec" : 13.487306064880112
  },
  "Put_By_Id" : {
    "transaction" : "Put_By_Id",
    "sampleCount" : 2000,
    "errorCount" : 1286,
    "errorPct" : 64.3,
    "meanResTime" : 176.4444999999999,
    "medianResTime" : 22.5,
    "minResTime" : 0.0,
    "maxResTime" : 1191.0,
    "pct1ResTime" : 523.0,
    "pct2ResTime" : 579.0,
    "pct3ResTime" : 998.0,
    "throughput" : 196.57951641438962,
    "receivedKBytesPerSec" : 342.37893466188325,
    "sentKBytesPerSec" : 16.448176724985256
  },
  "Total" : {
    "transaction" : "Total",
    "sampleCount" : 10000,
    "errorCount" : 6430,
    "errorPct" : 64.3,
    "meanResTime" : 307.55940000000004,
    "medianResTime" : 1.0,
    "minResTime" : 0.0,
    "maxResTime" : 6471.0,
    "pct1ResTime" : 543.0,
    "pct2ResTime" : 979.0,
    "pct3ResTime" : 4956.799999999996,
    "throughput" : 918.9487226612755,
    "receivedKBytesPerSec" : 1687.277262624058,
    "sentKBytesPerSec" : 63.562534460577105
  },
  "Post_Create" : {
    "transaction" : "Post_Create",
    "sampleCount" : 2000,
    "errorCount" : 1286,
    "errorPct" : 64.3,
    "meanResTime" : 169.43250000000006,
    "medianResTime" : 1.0,
    "minResTime" : 0.0,
    "maxResTime" : 1233.0,
    "pct1ResTime" : 476.7000000000003,
    "pct2ResTime" : 588.3999999999978,
    "pct3ResTime" : 979.0,
    "throughput" : 209.73154362416108,
    "receivedKBytesPerSec" : 363.67695443582215,
    "sentKBytesPerSec" : 17.32927360790688
  },
  "GET_All" : {
    "transaction" : "GET_All",
    "sampleCount" : 2000,
    "errorCount" : 1286,
    "errorPct" : 64.3,
    "meanResTime" : 841.4409999999995,
    "medianResTime" : 1.0,
    "minResTime" : 0.0,
    "maxResTime" : 6471.0,
    "pct1ResTime" : 3773.8,
    "pct2ResTime" : 4955.999999999996,
    "pct3ResTime" : 5960.8,
    "throughput" : 212.17907914279652,
    "receivedKBytesPerSec" : 471.9304069196902,
    "sentKBytesPerSec" : 9.320546228516868
  }
}