{
  "Post_create" : {
    "transaction" : "Post_create",
    "sampleCount" : 4000,
    "errorCount" : 1960,
    "errorPct" : 49.0,
    "meanResTime" : 112.17025000000018,
    "medianResTime" : 39.0,
    "minResTime" : 0.0,
    "maxResTime" : 2173.0,
    "pct1ResTime" : 223.0,
    "pct2ResTime" : 446.89999999999964,
    "pct3ResTime" : 971.9899999999998,
    "throughput" : 696.0153123368714,
    "receivedKBytesPerSec" : 957.7279450147903,
    "sentKBytesPerSec" : 78.6891530363668
  },
  "DELETE_by_ID" : {
    "transaction" : "DELETE_by_ID",
    "sampleCount" : 4000,
    "errorCount" : 1906,
    "errorPct" : 47.65,
    "meanResTime" : 97.79824999999998,
    "medianResTime" : 33.0,
    "minResTime" : 0.0,
    "maxResTime" : 2172.0,
    "pct1ResTime" : 169.0,
    "pct2ResTime" : 388.89999999999964,
    "pct3ResTime" : 701.9899999999998,
    "throughput" : 724.6376811594203,
    "receivedKBytesPerSec" : 979.4093919836957,
    "sentKBytesPerSec" : 71.12771739130436
  },
  "Get_by_ID" : {
    "transaction" : "Get_by_ID",
    "sampleCount" : 4000,
    "errorCount" : 1937,
    "errorPct" : 48.425,
    "meanResTime" : 105.73424999999996,
    "medianResTime" : 41.0,
    "minResTime" : 0.0,
    "maxResTime" : 2172.0,
    "pct1ResTime" : 169.0,
    "pct2ResTime" : 461.1999999999971,
    "pct3ResTime" : 935.9899999999998,
    "throughput" : 696.1364427427776,
    "receivedKBytesPerSec" : 948.5287319439609,
    "sentKBytesPerSec" : 44.879046293073436
  },
  "Total" : {
    "transaction" : "Total",
    "sampleCount" : 20000,
    "errorCount" : 9708,
    "errorPct" : 48.54,
    "meanResTime" : 130.98245000000026,
    "medianResTime" : 34.0,
    "minResTime" : 0.0,
    "maxResTime" : 3148.0,
    "pct1ResTime" : 217.0,
    "pct2ResTime" : 501.0,
    "pct3ResTime" : 2059.0,
    "throughput" : 3417.0510849137195,
    "receivedKBytesPerSec" : 5279.982787939945,
    "sentKBytesPerSec" : 310.5502119639501
  },
  "PUT_by_ID" : {
    "transaction" : "PUT_by_ID",
    "sampleCount" : 4000,
    "errorCount" : 1922,
    "errorPct" : 48.05,
    "meanResTime" : 102.9822500000002,
    "medianResTime" : 32.0,
    "minResTime" : 0.0,
    "maxResTime" : 2172.0,
    "pct1ResTime" : 171.0,
    "pct2ResTime" : 439.9499999999998,
    "pct3ResTime" : 975.0,
    "throughput" : 698.3240223463687,
    "receivedKBytesPerSec" : 945.3820596194134,
    "sentKBytesPerSec" : 81.48363848638269
  },
  "Get_All" : {
    "transaction" : "Get_All",
    "sampleCount" : 4000,
    "errorCount" : 1983,
    "errorPct" : 49.575,
    "meanResTime" : 236.22724999999994,
    "medianResTime" : 34.5,
    "minResTime" : 0.0,
    "maxResTime" : 3148.0,
    "pct1ResTime" : 453.9000000000001,
    "pct2ResTime" : 1821.9499999999998,
    "pct3ResTime" : 2989.0,
    "throughput" : 693.1207762952695,
    "receivedKBytesPerSec" : 1581.691627588373,
    "sentKBytesPerSec" : 43.0056397288165
  }
}